{"cameraMode":{"drawMode":0,"name":"Shaded","section":"Shading Mode"},"sceneLighting":true,"audioPlay":false,"sceneViewState":{"m_AlwaysRefresh":false,"showFog":true,"showSkybox":true,"showFlares":true,"showImageEffects":true,"showParticleSystems":true,"showVisualEffectGraphs":true,"m_FxEnabled":true},"in2DMode":false,"pivot":{"x":0.4050920605659485,"y":2.3376080989837648,"z":-1.1163140535354615},"rotation":{"x":0.48550286889076235,"y":0.013641263358294964,"z":-0.007571802008897066,"w":0.8741055130958557},"size":169.7288818359375,"orthographic":false}